a1ec3b,::1,GET,http://localhost/hebya/web/index_dev.php/emplois,1506359219,,404
c3fe01,::1,GET,http://localhost/hebya/web/index_dev.php/,1506359223,,500
f42c4f,::1,GET,http://localhost/hebya/web/index_dev.php/,1506359226,,500
851e1c,::1,GET,http://localhost/hebya/web/index_dev.php/,1506359230,,500
517ec2,::1,GET,http://localhost/hebya/web/index_dev.php/innovateurs,1506359254,,500
bdad30,::1,GET,http://localhost/hebya/web/index_dev.php/innovateurs,1506359300,,500
071a5d,::1,GET,http://localhost/hebya/web/index_dev.php/candidature,1506359404,,404
3f9555,::1,GET,http://localhost/hebya/web/index_dev.php/clients,1506359416,,500
0d4ea1,::1,GET,http://localhost/hebya/web/index_dev.php/clients,1506359493,,500
3f852c,::1,GET,http://localhost/hebya/web/index_dev.php/clients,1506359496,,500
d9725c,::1,GET,http://localhost/hebya/web/index_dev.php/innovateurs,1506359524,,500
a67956,::1,GET,http://localhost/hebya/web/index_dev.php/,1506359648,,500
c72f88,::1,GET,http://localhost/hebya/web/index_dev.php/,1506359653,,500
a63919,::1,GET,http://localhost/hebya/web/index_dev.php/,1506359664,,500
c7e341,::1,GET,http://localhost/hebya/web/index_dev.php/,1506359666,,500
4f3342,::1,GET,http://localhost/hebya/web/index_dev.php/,1506359755,,200
dfc1c4,::1,GET,http://localhost/hebya/web/index_dev.php/innovateurs,1506359766,,200
f5a466,::1,GET,http://localhost/hebya/web/index_dev.php/script/jquery.parallax-1.1.js,1506359766,,404
c44bc9,::1,GET,http://localhost/hebya/web/index_dev.php/clients,1506359802,,200
348189,::1,GET,http://localhost/hebya/web/index_dev.php/apropos,1506359806,,200
b87371,::1,GET,http://localhost/hebya/web/index_dev.php/innovateurs,1506359880,,200
783225,::1,GET,http://localhost/hebya/web/index_dev.php/script/jquery.parallax-1.1.js,1506359880,,404
1955f8,::1,GET,http://localhost/hebya/web/index_dev.php/apropos,1506360071,,200
e3da06,::1,GET,http://localhost/hebya/web/index_dev.php/apropos,1506360273,,200
bcafeb,::1,GET,http://localhost/hebya/web/index_dev.php/apropos,1506360379,,200
952ce9,::1,GET,http://localhost/hebya/web/index_dev.php/apropos,1506360417,,200
3edda6,::1,GET,http://localhost/hebya/web/index_dev.php/apropos,1506360447,,200
04681e,::1,GET,http://localhost/hebya/web/index_dev.php/apropos,1506360495,,200
a4a40f,::1,GET,http://localhost/hebya/web/index_dev.php/apropos,1506360539,,200
478155,::1,GET,http://localhost/hebya/web/index_dev.php/apropos,1506360571,,200
8a7c24,::1,GET,http://localhost/hebya/web/index_dev.php/apropos,1506360601,,200
62dbda,::1,GET,http://localhost/hebya/web/index_dev.php/apropos,1506360613,,200
a70e51,::1,GET,http://localhost/hebya/web/index_dev.php/apropos,1506360619,,200
89e40c,::1,GET,http://localhost/hebya/web/index_dev.php/apropos,1506360701,,200
2f8907,::1,GET,http://localhost/hebya/web/index_dev.php/innovateurs,1506360768,,200
54e80c,::1,GET,http://localhost/hebya/web/index_dev.php/script/jquery.parallax-1.1.js,1506360768,,404
4f430b,::1,GET,http://localhost/hebya/web/index_dev.php/innovateurs,1506360789,,200
0bcdf5,::1,GET,http://localhost/hebya/web/index_dev.php/script/jquery.parallax-1.1.js,1506360790,,404
dd0d8f,::1,GET,http://localhost/hebya/web/index_dev.php/script/jquery.parallax-1.1.js,1506360790,,404
148fe6,::1,GET,http://localhost/hebya/web/index_dev.php/apropos,1506360796,,200
9e6fce,::1,GET,http://localhost/hebya/web/index_dev.php/apropos,1506360862,,200
b6db8b,::1,GET,http://localhost/hebya/web/index_dev.php/apropos,1506360885,,200
708705,::1,GET,http://localhost/hebya/web/index_dev.php/apropos,1506360898,,200
e47454,::1,GET,http://localhost/hebya/web/index_dev.php/apropos,1506360912,,200
0fad12,::1,GET,http://localhost/hebya/web/index_dev.php/apropos,1506360920,,200
8f8698,::1,GET,http://localhost/hebya/web/index_dev.php/apropos,1506360943,,200
7cb47b,::1,GET,http://localhost/hebya/web/index_dev.php/apropos,1506360965,,200
6b7303,::1,GET,http://localhost/hebya/web/index_dev.php/apropos,1506360975,,200
9580db,::1,GET,http://localhost/hebya/web/index_dev.php/apropos,1506360994,,200
97bed5,::1,GET,http://localhost/hebya/web/index_dev.php/innovateurs,1506361084,,200
b50fb4,::1,GET,http://localhost/hebya/web/index_dev.php/script/jquery.parallax-1.1.js,1506361085,,404
ce7146,::1,GET,http://localhost/hebya/web/index_dev.php/innovateurs,1506361136,,200
8ce48f,::1,GET,http://localhost/hebya/web/index_dev.php/script/jquery.parallax-1.1.js,1506361136,,404
363cf8,::1,GET,http://localhost/hebya/web/index_dev.php/innovateurs,1506361155,,200
b262b6,::1,GET,http://localhost/hebya/web/index_dev.php/script/jquery.parallax-1.1.js,1506361155,,404
bad47a,::1,GET,http://localhost/hebya/web/index_dev.php/innovateurs,1506361227,,200
ebfc06,::1,GET,http://localhost/hebya/web/index_dev.php/script/jquery.parallax-1.1.js,1506361228,,404
7cc271,::1,GET,http://localhost/hebya/web/index_dev.php/script/jquery.parallax-1.1.js,1506361229,,404
938114,::1,GET,http://localhost/hebya/web/index_dev.php/innovateurs,1506361240,,200
e567b7,::1,GET,http://localhost/hebya/web/index_dev.php/script/jquery.parallax-1.1.js,1506361240,,404
1dc2b7,::1,GET,http://localhost/hebya/web/index_dev.php/innovateurs,1506361561,,200
dcb753,::1,GET,http://localhost/hebya/web/index_dev.php/script/jquery.parallax-1.1.js,1506361561,,404
91f16f,::1,GET,http://localhost/hebya/web/index_dev.php/innovateurs,1506361589,,200
ba13c6,::1,GET,http://localhost/hebya/web/index_dev.php/script/jquery.parallax-1.1.js,1506361589,,404
092b24,::1,GET,http://localhost/hebya/web/index_dev.php/innovateurs,1506361603,,200
ca83e2,::1,GET,http://localhost/hebya/web/index_dev.php/script/jquery.parallax-1.1.js,1506361603,,404
061cf6,::1,GET,http://localhost/hebya/web/index_dev.php/innovateurs,1506361613,,200
e00d58,::1,GET,http://localhost/hebya/web/index_dev.php/script/jquery.parallax-1.1.js,1506361614,,404
8a9c38,::1,GET,http://localhost/hebya/web/index_dev.php/innovateurs,1506361621,,200
b6e70b,::1,GET,http://localhost/hebya/web/index_dev.php/script/jquery.parallax-1.1.js,1506361621,,404
439efe,::1,GET,http://localhost/hebya/web/index_dev.php/innovateurs,1506361669,,200
cbf39b,::1,GET,http://localhost/hebya/web/index_dev.php/script/jquery.parallax-1.1.js,1506361670,,404
4fe2eb,::1,GET,http://localhost/hebya/web/index_dev.php/innovateurs,1506361730,,200
ae7371,::1,GET,http://localhost/hebya/web/index_dev.php/script/jquery.parallax-1.1.js,1506361731,,404
704ba4,::1,GET,http://localhost/hebya/web/index_dev.php/innovateurs,1506361848,,200
f934db,::1,GET,http://localhost/hebya/web/index_dev.php/script/jquery.parallax-1.1.js,1506361849,,404
a40975,::1,GET,http://localhost/hebya/web/index_dev.php/innovateurs,1506361870,,200
feebba,::1,GET,http://localhost/hebya/web/index_dev.php/script/jquery.parallax-1.1.js,1506361871,,404
91c74b,::1,GET,http://localhost/hebya/web/index_dev.php/innovateurs,1506361957,,200
7ec6cf,::1,GET,http://localhost/hebya/web/index_dev.php/script/jquery.parallax-1.1.js,1506361958,,404
5ff6bc,::1,GET,http://localhost/hebya/web/index_dev.php/innovateurs,1506361999,,200
b6f3c0,::1,GET,http://localhost/hebya/web/index_dev.php/script/jquery.parallax-1.1.js,1506362000,,404
47d73f,::1,GET,http://localhost/hebya/web/index_dev.php/script/jquery.parallax-1.1.js,1506362003,,404
203814,::1,GET,http://localhost/hebya/web/index_dev.php/innovateurs,1506362069,,200
01d6fd,::1,GET,http://localhost/hebya/web/index_dev.php/script/jquery.parallax-1.1.js,1506362069,,404
a57e2c,::1,GET,http://localhost/hebya/web/index_dev.php/innovateurs,1506362097,,200
a15b3f,::1,GET,http://localhost/hebya/web/index_dev.php/script/jquery.parallax-1.1.js,1506362097,,404
8d8dfb,::1,GET,http://localhost/hebya/web/index_dev.php/apropos,1506362102,,200
57ae61,::1,GET,http://localhost/hebya/web/index_dev.php/apropos,1506362169,,200
104351,::1,GET,http://localhost/hebya/web/index_dev.php/apropos,1506362256,,200
1d8d9d,::1,GET,http://localhost/hebya/web/index_dev.php/innovateurs,1506362323,,200
32505c,::1,GET,http://localhost/hebya/web/index_dev.php/script/jquery.parallax-1.1.js,1506362323,,404
75cb35,::1,GET,http://localhost/hebya/web/index_dev.php/apropos,1506362333,,200
268206,::1,GET,http://localhost/hebya/web/index_dev.php/apropos,1506362470,,200
6513ef,::1,GET,http://localhost/hebya/web/index_dev.php/apropos,1506362481,,200
9bb90c,::1,GET,http://localhost/hebya/web/index_dev.php/apropos,1506362730,,200
21c509,::1,GET,http://localhost/hebya/web/index_dev.php/apropos,1506362750,,200
603a53,::1,GET,http://localhost/hebya/web/index_dev.php/apropos,1506362765,,200
6764b7,::1,GET,http://localhost/hebya/web/index_dev.php/apropos,1506362903,,200
f82d97,::1,GET,http://localhost/hebya/web/index_dev.php/apropos,1506362905,,200
a60d90,::1,GET,http://localhost/hebya/web/index_dev.php/apropos,1506362906,,200
072323,::1,GET,http://localhost/hebya/web/index_dev.php/apropos,1506362906,,200
5ed8e3,::1,GET,http://localhost/hebya/web/index_dev.php/apropos,1506362906,,200
a60fe0,::1,GET,http://localhost/hebya/web/index_dev.php/apropos,1506363134,,200
885679,::1,GET,http://localhost/hebya/web/index_dev.php/services,1506363142,,200
7816d8,::1,GET,http://localhost/hebya/web/index_dev.php/product,1506363147,,200
cbcb53,::1,GET,http://localhost/hebya/web/index_dev.php/innovateurs,1506363161,,200
12deb3,::1,GET,http://localhost/hebya/web/index_dev.php/script/jquery.parallax-1.1.js,1506363161,,404
221494,::1,GET,http://localhost/hebya/web/index_dev.php/clients,1506363163,,200
f9e381,::1,GET,http://localhost/hebya/web/index_dev.php/product,1506363176,,200
21aba2,::1,GET,http://localhost/hebya/web/index_dev.php/contact,1506363218,,200
5d1bee,::1,GET,http://localhost/hebya/web/index_dev.php/contact,1506363229,,200
e20c9a,::1,GET,http://localhost/hebya/web/index_dev.php/offres,1506363247,,200
2fe535,::1,GET,http://localhost/hebya/web/index_dev.php/contact,1506363356,,200
b3640b,::1,GET,http://localhost/hebya/web/index_dev.php/product,1506363387,,200
da6097,::1,GET,http://localhost/hebya/web/index_dev.php/innovateurs,1506363390,,200
fdaf27,::1,GET,http://localhost/hebya/web/index_dev.php/script/jquery.parallax-1.1.js,1506363390,,404
830d3b,::1,GET,http://localhost/hebya/web/index_dev.php/innovateurs,1506363409,,200
7ed04e,::1,GET,http://localhost/hebya/web/index_dev.php/script/jquery.parallax-1.1.js,1506363410,,404
4537a6,::1,GET,http://localhost/hebya/web/index_dev.php/clients,1506363413,,200
77aae3,::1,GET,http://localhost/hebya/web/index_dev.php/offres,1506363417,,200
934f42,::1,GET,http://localhost/hebya/web/index_dev.php/innovateurs,1506363600,,200
44bd38,::1,GET,http://localhost/hebya/web/index_dev.php/script/jquery.parallax-1.1.js,1506363600,,404
9103fc,::1,GET,http://localhost/hebya/web/index_dev.php/product,1506363610,,200
0a7854,::1,GET,http://localhost/hebya/web/index_dev.php/,1506363779,,200
78886e,::1,GET,http://localhost/hebya/web/index_dev.php/clients,1506363794,,200
e65331,::1,GET,http://localhost/hebya/web/index_dev.php/clients,1506363809,,200
ac9fb6,::1,GET,http://localhost/hebya/web/index_dev.php/services,1506363835,,200
74585b,::1,GET,http://localhost/hebya/web/index_dev.php/clients,1506363991,,200
eb671f,::1,GET,http://localhost/hebya/web/index_dev.php/apropos,1506364008,,200
bbf8bd,::1,GET,http://localhost/hebya/web/index_dev.php/innovateurs,1506364012,,200
ddbec3,::1,GET,http://localhost/hebya/web/index_dev.php/script/jquery.parallax-1.1.js,1506364012,,404
210273,::1,GET,http://localhost/hebya/web/index_dev.php/clients,1506364015,,200
7e2d28,::1,GET,http://localhost/hebya/web/index_dev.php/innovateurs,1506364019,,200
761864,::1,GET,http://localhost/hebya/web/index_dev.php/script/jquery.parallax-1.1.js,1506364020,,404
b1d45b,::1,GET,http://localhost/hebya/web/index_dev.php/services,1506364022,,200
62b936,::1,GET,http://localhost/hebya/web/index_dev.php/apropos,1506364084,,200
cce2df,::1,GET,http://localhost/hebya/web/index_dev.php/apropos,1506364132,,200
3f2e45,::1,GET,http://localhost/hebya/web/index_dev.php/apropos,1506364135,,200
807162,::1,GET,http://localhost/hebya/web/index_dev.php/services,1506364137,,200
c290e6,::1,GET,http://localhost/hebya/web/index_dev.php/services/ajax-request?id=2,1506364151,,200
896c9a,::1,GET,http://localhost/hebya/web/index_dev.php/services/ajax-request?id=3,1506364156,,200
0d111d,::1,GET,http://localhost/hebya/web/index_dev.php/product,1506364174,,200
f24f82,::1,GET,http://localhost/hebya/web/index_dev.php/product_ajax?field=Assurance&idcountry=,1506364181,,200
30301f,::1,GET,http://localhost/hebya/web/index_dev.php/product_ajax?field=&idcountry=,1506364184,,200
747b5a,::1,GET,http://localhost/hebya/web/index_dev.php/,1506364424,,200
7a2be4,::1,GET,http://localhost/hebya/web/index_dev.php/clients,1506365278,,200
0e2c1f,::1,GET,http://localhost/hebya/web/index_dev.php/offres,1506365859,,200
6b4ddc,::1,GET,http://localhost/hebya/web/index_dev.php/clients,1506365866,,200
989344,::1,GET,http://localhost/hebya/web/index_dev.php/innovateurs,1506365868,,200
837d21,::1,GET,http://localhost/hebya/web/index_dev.php/script/jquery.parallax-1.1.js,1506365869,,404
b09cf1,::1,GET,http://localhost/hebya/web/index_dev.php/innovateurs,1506365887,,200
528707,::1,GET,http://localhost/hebya/web/index_dev.php/script/jquery.parallax-1.1.js,1506365887,,404
4c90e3,::1,GET,http://localhost/hebya/web/index_dev.php/apropos,1506365890,,200
e1927b,::1,GET,http://localhost/hebya/web/index_dev.php/innovateurs,1506365919,,200
8c4fe1,::1,GET,http://localhost/hebya/web/index_dev.php/script/jquery.parallax-1.1.js,1506365919,,404
ce5c5b,::1,GET,http://localhost/hebya/web/index_dev.php/contact,1506365958,,200
b69fa2,::1,GET,http://localhost/hebya/web/index_dev.php/apropos,1506366065,,200
e40154,::1,GET,http://localhost/hebya/web/index_dev.php/services,1506366073,,200
9ea771,::1,GET,http://localhost/hebya/web/index_dev.php/product,1506366076,,200
17ef37,::1,GET,http://localhost/hebya/web/index_dev.php/product,1506366338,,200
05fca8,::1,GET,http://localhost/hebya/web/index_dev.php/product,1506366418,,200
8969d2,::1,GET,http://localhost/hebya/web/index_dev.php/product,1506366497,,200
17c706,::1,GET,http://localhost/hebya/web/index_dev.php/offres,1506366555,,200
36980c,::1,GET,http://localhost/hebya/web/index_dev.php/opportunity_ajax?contrat_type=Alternance&field=&idcountry=,1506366568,,200
967150,::1,GET,http://localhost/hebya/web/index_dev.php/opportunity_ajax?contrat_type=Stage&field=&idcountry=,1506366569,,200
090e58,::1,GET,http://localhost/hebya/web/index_dev.php/opportunity_ajax?contrat_type=CDD&field=&idcountry=,1506366569,,200
8dec4a,::1,GET,http://localhost/hebya/web/index_dev.php/opportunity_ajax?contrat_type=CDI&field=&idcountry=,1506366570,,200
e3e8f3,::1,GET,http://localhost/hebya/web/index_dev.php/innovateurs,1506366582,,200
b32e60,::1,GET,http://localhost/hebya/web/index_dev.php/script/jquery.parallax-1.1.js,1506366582,,404
35b40f,::1,GET,http://localhost/hebya/web/index_dev.php/apropos,1506366584,,200
af4436,::1,GET,http://localhost/hebya/web/index_dev.php/product,1506366588,,200
325ca2,::1,GET,http://localhost/hebya/web/index_dev.php/product,1506366618,,200
17c434,::1,GET,http://localhost/hebya/web/index_dev.php/product,1506366641,,200
d2a619,::1,GET,http://localhost/hebya/web/index_dev.php/product,1506366746,,200
af92b4,::1,GET,http://localhost/hebya/web/index_dev.php/product,1506366772,,200
01a59b,::1,GET,http://localhost/hebya/web/index_dev.php/product,1506366804,,200
bb8502,::1,GET,http://localhost/hebya/web/index_dev.php/product,1506366828,,200
49ce3e,::1,GET,http://localhost/hebya/web/index_dev.php/product_ajax?field=&idcountry=2,1506366836,,200
6f4d61,::1,GET,http://localhost/hebya/web/index_dev.php/product_ajax?field=Sant%C3%A9&idcountry=2,1506366838,,200
33a6d4,::1,GET,http://localhost/hebya/web/index_dev.php/product,1506366858,,200
aba77b,::1,GET,http://localhost/hebya/web/index_dev.php/product,1506366889,,200
db8026,::1,GET,http://localhost/hebya/web/index_dev.php/product,1506366910,,200
79449a,::1,GET,http://localhost/hebya/web/index_dev.php/product,1506366973,,200
00aa24,::1,GET,http://localhost/hebya/web/index_dev.php/product,1506367148,,200
7b9eb8,::1,GET,http://localhost/hebya/web/index_dev.php/product,1506367209,,200
61942d,::1,GET,http://localhost/hebya/web/index_dev.php/product,1506367262,,200
cc30b1,::1,GET,http://localhost/hebya/web/index_dev.php/product,1506367278,,200
72c59f,::1,GET,http://localhost/hebya/web/index_dev.php/product,1506367358,,200
c0d07e,::1,GET,http://localhost/hebya/web/index_dev.php/product,1506367374,,200
5c6d8e,::1,GET,http://localhost/hebya/web/index_dev.php/product,1506367496,,200
9f6b2b,::1,GET,http://localhost/hebya/web/index_dev.php/product,1506367592,,200
fee73e,::1,GET,http://localhost/hebya/web/index_dev.php/apropos,1506367779,,200
02de78,::1,GET,http://localhost/hebya/web/index_dev.php/product,1506367826,,200
8052cd,::1,GET,http://localhost/hebya/web/index_dev.php/product,1506368168,,200
016eff,::1,GET,http://localhost/hebya/web/index_dev.php/product,1506368319,,200
ef22a1,::1,GET,http://localhost/hebya/web/index_dev.php/product,1506368363,,200
aab94a,::1,GET,http://localhost/hebya/web/index_dev.php/product,1506368400,,200
9fb125,::1,GET,http://localhost/hebya/web/index_dev.php/product,1506368401,,200
bf5750,::1,GET,http://localhost/hebya/web/index_dev.php/product,1506368438,,200
ab4378,::1,GET,http://localhost/hebya/web/index_dev.php/product,1506368510,,200
d31d05,::1,GET,http://localhost/hebya/web/index_dev.php/product,1506368543,,200
925705,::1,GET,http://localhost/hebya/web/index_dev.php/product,1506368562,,200
edfb00,::1,GET,http://localhost/hebya/web/index_dev.php/product,1506368614,,200
0a72c4,::1,GET,http://localhost/hebya/web/index_dev.php/product,1506368681,,200
f02246,::1,GET,http://localhost/hebya/web/index_dev.php/product,1506368722,,200
ad2e50,::1,GET,http://localhost/hebya/web/index_dev.php/product,1506368758,,200
60dd12,::1,GET,http://localhost/hebya/web/index_dev.php/product,1506368852,,200
f9326c,::1,GET,http://localhost/hebya/web/index_dev.php/product,1506368955,,200
4b2951,::1,GET,http://localhost/hebya/web/index_dev.php/product,1506369110,,200
045ce9,::1,GET,http://localhost/hebya/web/index_dev.php/product,1506369130,,200
2cdf7f,::1,GET,http://localhost/hebya/web/index_dev.php/innovateurs,1506369159,,200
b5ef8f,::1,GET,http://localhost/hebya/web/index_dev.php/script/jquery.parallax-1.1.js,1506369159,,404
26f2eb,::1,GET,http://localhost/hebya/web/index_dev.php/services,1506369167,,200
808df7,::1,GET,http://localhost/hebya/web/index_dev.php/product,1506369171,,200
a15560,::1,GET,http://localhost/hebya/web/index_dev.php/apropos,1506369175,,200
ab196b,::1,GET,http://localhost/hebya/web/index_dev.php/apropos,1506369982,,200
45c5a8,::1,GET,http://localhost/hebya/web/index_dev.php/product,1506369986,,200
de8d08,::1,GET,http://localhost/hebya/web/index_dev.php/emplois,1506370669,,404
9c6087,::1,GET,http://localhost/hebya/web/index_dev.php/innovateurs,1506370682,,200
212d1c,::1,GET,http://localhost/hebya/web/index_dev.php/script/jquery.parallax-1.1.js,1506370683,,404
8c1eba,::1,GET,http://localhost/hebya/web/index_dev.php/contact,1506370687,,200
f480fb,::1,GET,http://localhost/hebya/web/index_dev.php/apropos,1506370717,,200
2c11b5,::1,GET,http://localhost/hebya/web/index_dev.php/apropos,1506370746,,200
f03de1,::1,GET,http://localhost/hebya/web/index_dev.php/services,1506370748,,200
1eef3b,::1,GET,http://localhost/hebya/web/index_dev.php/innovateurs,1506370752,,200
fe2bfe,::1,GET,http://localhost/hebya/web/index_dev.php/script/jquery.parallax-1.1.js,1506370752,,404
1b4b95,::1,GET,http://localhost/hebya/web/index_dev.php/product,1506370756,,200
2e2b8b,::1,GET,http://localhost/hebya/web/index_dev.php/apropos,1506370879,,200
5348ea,::1,GET,http://localhost/hebya/web/index_dev.php/product,1506371083,,200
dfed57,::1,GET,http://localhost/hebya/web/index_dev.php/product,1506371111,,200
9030a7,::1,GET,http://localhost/hebya/web/index_dev.php/product,1506371125,,200
949128,::1,GET,http://localhost/hebya/web/index_dev.php/product,1506371254,,200
0c58a1,::1,GET,http://localhost/hebya/web/index_dev.php/apropos,1506371263,,200
